{
  "S01_ClinicalTrials_T037a_ClinicalTrial_AuditTrialHistory" : {
    "transaction" : "S01_ClinicalTrials_T037a_ClinicalTrial_AuditTrialHistory",
    "sampleCount" : 50,
    "errorCount" : 0,
    "errorPct" : 0.0,
    "meanResTime" : 1118.38,
    "medianResTime" : 1013.0,
    "minResTime" : 92.0,
    "maxResTime" : 3316.0,
    "pct1ResTime" : 2073.3999999999996,
    "pct2ResTime" : 2865.2999999999984,
    "pct3ResTime" : 3316.0,
    "throughput" : 0.18754055564515826,
    "receivedKBytesPerSec" : 0.05272746676781354,
    "sentKBytesPerSec" : 0.38663756545165395
  },
  "S01_ClinicalTrials_T022z_Save_TrialResult" : {
    "transaction" : "S01_ClinicalTrials_T022z_Save_TrialResult",
    "sampleCount" : 50,
    "errorCount" : 3,
    "errorPct" : 6.0,
    "meanResTime" : 50208.09999999999,
    "medianResTime" : 50282.5,
    "minResTime" : 36798.0,
    "maxResTime" : 60004.0,
    "pct1ResTime" : 59153.7,
    "pct2ResTime" : 60001.45,
    "pct3ResTime" : 60004.0,
    "throughput" : 0.16646191850690317,
    "receivedKBytesPerSec" : 0.9543274792838141,
    "sentKBytesPerSec" : 0.4431560898844421
  },
  "S01_ClinicalTrials_T030c_ClinicalTrial_Masters" : {
    "transaction" : "S01_ClinicalTrials_T030c_ClinicalTrial_Masters",
    "sampleCount" : 50,
    "errorCount" : 0,
    "errorPct" : 0.0,
    "meanResTime" : 190.58,
    "medianResTime" : 154.0,
    "minResTime" : 73.0,
    "maxResTime" : 825.0,
    "pct1ResTime" : 325.5,
    "pct2ResTime" : 402.7499999999998,
    "pct3ResTime" : 825.0,
    "throughput" : 0.18831824276481313,
    "receivedKBytesPerSec" : 9.117585881357625,
    "sentKBytesPerSec" : 0.38511448454472186
  },
  "S01_ClinicalTrials_T001z_Login" : {
    "transaction" : "S01_ClinicalTrials_T001z_Login",
    "sampleCount" : 58,
    "errorCount" : 8,
    "errorPct" : 13.793103,
    "meanResTime" : 3412.741379310345,
    "medianResTime" : 3371.5,
    "minResTime" : 2005.0,
    "maxResTime" : 5877.0,
    "pct1ResTime" : 4658.400000000001,
    "pct2ResTime" : 4975.399999999998,
    "pct3ResTime" : 5877.0,
    "throughput" : 0.387384619494797,
    "receivedKBytesPerSec" : 62.72462202865978,
    "sentKBytesPerSec" : 8.041126846755986
  },
  "S01_ClinicalTrials_T008z_collaborator_keywordsearch" : {
    "transaction" : "S01_ClinicalTrials_T008z_collaborator_keywordsearch",
    "sampleCount" : 100,
    "errorCount" : 0,
    "errorPct" : 0.0,
    "meanResTime" : 926.9100000000002,
    "medianResTime" : 939.5,
    "minResTime" : 132.0,
    "maxResTime" : 2122.0,
    "pct1ResTime" : 1266.1000000000004,
    "pct2ResTime" : 1533.1999999999982,
    "pct3ResTime" : 2119.749999999999,
    "throughput" : 0.0936716378204858,
    "receivedKBytesPerSec" : 0.087711962816575,
    "sentKBytesPerSec" : 0.20336075980343943
  },
  "S01_ClinicalTrials_T020z_person_keywordsearch" : {
    "transaction" : "S01_ClinicalTrials_T020z_person_keywordsearch",
    "sampleCount" : 55,
    "errorCount" : 35,
    "errorPct" : 63.636364,
    "meanResTime" : 27748.672727272726,
    "medianResTime" : 30016.0,
    "minResTime" : 11364.0,
    "maxResTime" : 32785.0,
    "pct1ResTime" : 30806.6,
    "pct2ResTime" : 31445.8,
    "pct3ResTime" : 32785.0,
    "throughput" : 0.05816013070167554,
    "receivedKBytesPerSec" : 1.9027006210576685,
    "sentKBytesPerSec" : 0.12561947974441268
  },
  "S01_ClinicalTrials_T027e_api_ClinicalTrial_Id" : {
    "transaction" : "S01_ClinicalTrials_T027e_api_ClinicalTrial_Id",
    "sampleCount" : 50,
    "errorCount" : 0,
    "errorPct" : 0.0,
    "meanResTime" : 28434.299999999992,
    "medianResTime" : 28275.0,
    "minResTime" : 20549.0,
    "maxResTime" : 35946.0,
    "pct1ResTime" : 33875.4,
    "pct2ResTime" : 35030.85,
    "pct3ResTime" : 35946.0,
    "throughput" : 0.17001887209480251,
    "receivedKBytesPerSec" : 1.1383128761667547,
    "sentKBytesPerSec" : 0.3475258800601867
  },
  "S01_ClinicalTrials_T006z_Drug_DrugPrimaryName" : {
    "transaction" : "S01_ClinicalTrials_T006z_Drug_DrugPrimaryName",
    "sampleCount" : 100,
    "errorCount" : 0,
    "errorPct" : 0.0,
    "meanResTime" : 3707.9999999999995,
    "medianResTime" : 3954.5,
    "minResTime" : 237.0,
    "maxResTime" : 6498.0,
    "pct1ResTime" : 5645.2,
    "pct2ResTime" : 5984.05,
    "pct3ResTime" : 6495.699999999999,
    "throughput" : 0.09366637349091765,
    "receivedKBytesPerSec" : 2.773578402032935,
    "sentKBytesPerSec" : 0.20316638882878632
  },
  "S01_ClinicalTrials_T024a_ClinicalTrialAuditEntry_search" : {
    "transaction" : "S01_ClinicalTrials_T024a_ClinicalTrialAuditEntry_search",
    "sampleCount" : 50,
    "errorCount" : 0,
    "errorPct" : 0.0,
    "meanResTime" : 532.2799999999999,
    "medianResTime" : 499.5,
    "minResTime" : 120.0,
    "maxResTime" : 922.0,
    "pct1ResTime" : 746.1999999999999,
    "pct2ResTime" : 849.1499999999997,
    "pct3ResTime" : 922.0,
    "throughput" : 0.1870669400338217,
    "receivedKBytesPerSec" : 4.853674631899029,
    "sentKBytesPerSec" : 0.4349854403462235
  },
  "S01_ClinicalTrials_T002e_UserGroup_GetUsersAndUserGroupByQueueId" : {
    "transaction" : "S01_ClinicalTrials_T002e_UserGroup_GetUsersAndUserGroupByQueueId",
    "sampleCount" : 100,
    "errorCount" : 0,
    "errorPct" : 0.0,
    "meanResTime" : 29.050000000000008,
    "medianResTime" : 27.0,
    "minResTime" : 14.0,
    "maxResTime" : 87.0,
    "pct1ResTime" : 45.80000000000001,
    "pct2ResTime" : 49.89999999999998,
    "pct3ResTime" : 86.93999999999997,
    "throughput" : 0.09319308395485354,
    "receivedKBytesPerSec" : 0.07088589957187097,
    "sentKBytesPerSec" : 0.19713431558067213
  },
  "S01_ClinicalTrials_T009z_associatedCRO_keywordsearch" : {
    "transaction" : "S01_ClinicalTrials_T009z_associatedCRO_keywordsearch",
    "sampleCount" : 100,
    "errorCount" : 0,
    "errorPct" : 0.0,
    "meanResTime" : 30.54,
    "medianResTime" : 19.0,
    "minResTime" : 8.0,
    "maxResTime" : 206.0,
    "pct1ResTime" : 66.70000000000002,
    "pct2ResTime" : 132.79999999999995,
    "pct3ResTime" : 205.7999999999999,
    "throughput" : 0.09381382271626666,
    "receivedKBytesPerSec" : 0.04882166613818213,
    "sentKBytesPerSec" : 0.20339459747303087
  },
  "S01_ClinicalTrials_T025z_Publish" : {
    "transaction" : "S01_ClinicalTrials_T025z_Publish",
    "sampleCount" : 50,
    "errorCount" : 16,
    "errorPct" : 32.0,
    "meanResTime" : 55797.16,
    "medianResTime" : 57387.5,
    "minResTime" : 38667.0,
    "maxResTime" : 60016.0,
    "pct1ResTime" : 60003.0,
    "pct2ResTime" : 60008.05,
    "pct3ResTime" : 60016.0,
    "throughput" : 0.15419487147857464,
    "receivedKBytesPerSec" : 0.7303958085979061,
    "sentKBytesPerSec" : 0.375112152676052
  },
  "S01_ClinicalTrials_T029b_UserGroup_GetUsersAndUserGroupByQueueId" : {
    "transaction" : "S01_ClinicalTrials_T029b_UserGroup_GetUsersAndUserGroupByQueueId",
    "sampleCount" : 50,
    "errorCount" : 0,
    "errorPct" : 0.0,
    "meanResTime" : 48.160000000000004,
    "medianResTime" : 43.5,
    "minResTime" : 25.0,
    "maxResTime" : 101.0,
    "pct1ResTime" : 74.69999999999999,
    "pct2ResTime" : 87.19999999999993,
    "pct3ResTime" : 101.0,
    "throughput" : 0.18774688715661095,
    "receivedKBytesPerSec" : 0.14281230990627677,
    "sentKBytesPerSec" : 0.3971470041698584
  },
  "S01_ClinicalTrials_T027b_authorization_user" : {
    "transaction" : "S01_ClinicalTrials_T027b_authorization_user",
    "sampleCount" : 50,
    "errorCount" : 0,
    "errorPct" : 0.0,
    "meanResTime" : 190.23999999999998,
    "medianResTime" : 174.0,
    "minResTime" : 79.0,
    "maxResTime" : 543.0,
    "pct1ResTime" : 256.09999999999997,
    "pct2ResTime" : 399.8499999999997,
    "pct3ResTime" : 543.0,
    "throughput" : 0.18818995140935454,
    "receivedKBytesPerSec" : 1.17316218986296,
    "sentKBytesPerSec" : 0.3841170092194257
  },
  "S01_ClinicalTrials_T011z_LocationCountry_keywordsearch" : {
    "transaction" : "S01_ClinicalTrials_T011z_LocationCountry_keywordsearch",
    "sampleCount" : 100,
    "errorCount" : 0,
    "errorPct" : 0.0,
    "meanResTime" : 37.320000000000014,
    "medianResTime" : 33.5,
    "minResTime" : 19.0,
    "maxResTime" : 84.0,
    "pct1ResTime" : 61.60000000000002,
    "pct2ResTime" : 70.89999999999998,
    "pct3ResTime" : 83.97999999999999,
    "throughput" : 0.09381549494240667,
    "receivedKBytesPerSec" : 0.053034155817686474,
    "sentKBytesPerSec" : 0.20358145635890806
  },
  "S01_ClinicalTrials_T026b_Search" : {
    "transaction" : "S01_ClinicalTrials_T026b_Search",
    "sampleCount" : 50,
    "errorCount" : 0,
    "errorPct" : 0.0,
    "meanResTime" : 62.440000000000005,
    "medianResTime" : 40.0,
    "minResTime" : 16.0,
    "maxResTime" : 991.0,
    "pct1ResTime" : 77.49999999999997,
    "pct2ResTime" : 118.14999999999972,
    "pct3ResTime" : 991.0,
    "throughput" : 0.18828562175678015,
    "receivedKBytesPerSec" : 1.4123113260391484,
    "sentKBytesPerSec" : 0.3833929198486937
  },
  "S01_ClinicalTrials_T026e_ClinicalTrial_unlockdata" : {
    "transaction" : "S01_ClinicalTrials_T026e_ClinicalTrial_unlockdata",
    "sampleCount" : 50,
    "errorCount" : 0,
    "errorPct" : 0.0,
    "meanResTime" : 1327.02,
    "medianResTime" : 97.5,
    "minResTime" : 31.0,
    "maxResTime" : 12431.0,
    "pct1ResTime" : 5603.399999999998,
    "pct2ResTime" : 8348.79999999998,
    "pct3ResTime" : 12431.0,
    "throughput" : 0.1882664799063186,
    "receivedKBytesPerSec" : 0.06285967722653352,
    "sentKBytesPerSec" : 0.40229090301075754
  },
  "S01_ClinicalTrials_T028z_Add_Note&Save" : {
    "transaction" : "S01_ClinicalTrials_T028z_Add_Note&Save",
    "sampleCount" : 50,
    "errorCount" : 38,
    "errorPct" : 76.0,
    "meanResTime" : 58584.740000000005,
    "medianResTime" : 60002.0,
    "minResTime" : 47759.0,
    "maxResTime" : 60024.0,
    "pct1ResTime" : 60016.9,
    "pct2ResTime" : 60020.7,
    "pct3ResTime" : 60024.0,
    "throughput" : 0.1532877149093763,
    "receivedKBytesPerSec" : 0.27778608086233536,
    "sentKBytesPerSec" : 0.3980540651518774
  },
  "S01_ClinicalTrials_T023z_Save_Note" : {
    "transaction" : "S01_ClinicalTrials_T023z_Save_Note",
    "sampleCount" : 50,
    "errorCount" : 29,
    "errorPct" : 58.0,
    "meanResTime" : 57655.43999999999,
    "medianResTime" : 60011.5,
    "minResTime" : 46153.0,
    "maxResTime" : 60019.0,
    "pct1ResTime" : 60017.0,
    "pct2ResTime" : 60018.0,
    "pct3ResTime" : 60019.0,
    "throughput" : 0.1544998068752414,
    "receivedKBytesPerSec" : 0.4528262601390498,
    "sentKBytesPerSec" : 0.4012015981073774
  },
  "S01_ClinicalTrials_T014z_Save_TrialOutcome" : {
    "transaction" : "S01_ClinicalTrials_T014z_Save_TrialOutcome",
    "sampleCount" : 100,
    "errorCount" : 3,
    "errorPct" : 3.0,
    "meanResTime" : 47434.85,
    "medianResTime" : 49420.0,
    "minResTime" : 21320.0,
    "maxResTime" : 60017.0,
    "pct1ResTime" : 57548.7,
    "pct2ResTime" : 58454.25,
    "pct3ResTime" : 60016.95,
    "throughput" : 0.08780517787133907,
    "receivedKBytesPerSec" : 0.39627745832546746,
    "sentKBytesPerSec" : 0.20957483909701155
  },
  "S01_ClinicalTrials_T037z_AuditTrial" : {
    "transaction" : "S01_ClinicalTrials_T037z_AuditTrial",
    "sampleCount" : 50,
    "errorCount" : 0,
    "errorPct" : 0.0,
    "meanResTime" : 1640.4600000000005,
    "medianResTime" : 1486.5,
    "minResTime" : 684.0,
    "maxResTime" : 3720.0,
    "pct1ResTime" : 2941.6,
    "pct2ResTime" : 3483.3499999999985,
    "pct3ResTime" : 3720.0,
    "throughput" : 0.18720632008536608,
    "receivedKBytesPerSec" : 2.942656656588727,
    "sentKBytesPerSec" : 0.8212580381713688
  },
  "S01_ClinicalTrials_T001e_Login_GetCredentialType" : {
    "transaction" : "S01_ClinicalTrials_T001e_Login_GetCredentialType",
    "sampleCount" : 58,
    "errorCount" : 0,
    "errorPct" : 0.0,
    "meanResTime" : 629.2758620689655,
    "medianResTime" : 739.0,
    "minResTime" : 189.0,
    "maxResTime" : 1569.0,
    "pct1ResTime" : 867.3000000000001,
    "pct2ResTime" : 1118.9499999999996,
    "pct3ResTime" : 1569.0,
    "throughput" : 0.398787137052138,
    "receivedKBytesPerSec" : 0.8264465917451063,
    "sentKBytesPerSec" : 1.481834773207005
  },
  "S01_ClinicalTrials_T018z_Save_TreatmentPlan" : {
    "transaction" : "S01_ClinicalTrials_T018z_Save_TreatmentPlan",
    "sampleCount" : 63,
    "errorCount" : 22,
    "errorPct" : 34.920635,
    "meanResTime" : 51418.650793650784,
    "medianResTime" : 53515.0,
    "minResTime" : 28268.0,
    "maxResTime" : 60019.0,
    "pct1ResTime" : 60003.0,
    "pct2ResTime" : 60011.0,
    "pct3ResTime" : 60019.0,
    "throughput" : 0.06221128532465403,
    "receivedKBytesPerSec" : 0.24145253661578508,
    "sentKBytesPerSec" : 0.15185698372286155
  },
  "S01_ClinicalTrials_T027c_ClinicalTrial_lockdata" : {
    "transaction" : "S01_ClinicalTrials_T027c_ClinicalTrial_lockdata",
    "sampleCount" : 50,
    "errorCount" : 0,
    "errorPct" : 0.0,
    "meanResTime" : 188.28,
    "medianResTime" : 99.0,
    "minResTime" : 32.0,
    "maxResTime" : 1132.0,
    "pct1ResTime" : 299.59999999999997,
    "pct2ResTime" : 1053.2499999999995,
    "pct3ResTime" : 1132.0,
    "throughput" : 0.18821616249830606,
    "receivedKBytesPerSec" : 0.06355236361856866,
    "sentKBytesPerSec" : 0.40163196940922713
  },
  "S01_ClinicalTrials_T010z_tag_keywordsearch" : {
    "transaction" : "S01_ClinicalTrials_T010z_tag_keywordsearch",
    "sampleCount" : 100,
    "errorCount" : 0,
    "errorPct" : 0.0,
    "meanResTime" : 25.930000000000007,
    "medianResTime" : 16.0,
    "minResTime" : 7.0,
    "maxResTime" : 162.0,
    "pct1ResTime" : 37.0,
    "pct2ResTime" : 134.6999999999997,
    "pct3ResTime" : 161.88999999999993,
    "throughput" : 0.09381681516304893,
    "receivedKBytesPerSec" : 0.39431738797334104,
    "sentKBytesPerSec" : 0.20211843352656472
  },
  "S01_ClinicalTrials_T034z_Save_TrialSummary" : {
    "transaction" : "S01_ClinicalTrials_T034z_Save_TrialSummary",
    "sampleCount" : 50,
    "errorCount" : 0,
    "errorPct" : 0.0,
    "meanResTime" : 4456.04,
    "medianResTime" : 2352.5,
    "minResTime" : 941.0,
    "maxResTime" : 28917.0,
    "pct1ResTime" : 16898.999999999978,
    "pct2ResTime" : 26342.6,
    "pct3ResTime" : 28917.0,
    "throughput" : 0.18834023286386392,
    "receivedKBytesPerSec" : 0.5577078004874245,
    "sentKBytesPerSec" : 0.6402317220512512
  },
  "S01_ClinicalTrials_T007z_sponsor_keywordsearch" : {
    "transaction" : "S01_ClinicalTrials_T007z_sponsor_keywordsearch",
    "sampleCount" : 100,
    "errorCount" : 0,
    "errorPct" : 0.0,
    "meanResTime" : 1489.5800000000006,
    "medianResTime" : 1478.0,
    "minResTime" : 287.0,
    "maxResTime" : 2891.0,
    "pct1ResTime" : 2102.5,
    "pct2ResTime" : 2514.8,
    "pct3ResTime" : 2888.799999999999,
    "throughput" : 0.09365295212835699,
    "receivedKBytesPerSec" : 1.4744761024591393,
    "sentKBytesPerSec" : 0.20478352061582436
  },
  "S01_ClinicalTrials_T004z_diseaseType_keywordsearch" : {
    "transaction" : "S01_ClinicalTrials_T004z_diseaseType_keywordsearch",
    "sampleCount" : 100,
    "errorCount" : 0,
    "errorPct" : 0.0,
    "meanResTime" : 62.63,
    "medianResTime" : 21.0,
    "minResTime" : 8.0,
    "maxResTime" : 1463.0,
    "pct1ResTime" : 141.8,
    "pct2ResTime" : 170.89999999999998,
    "pct3ResTime" : 1457.9099999999974,
    "throughput" : 0.09414600161931123,
    "receivedKBytesPerSec" : 1.300010098629705,
    "sentKBytesPerSec" : 0.2066890881253648
  },
  "S01_ClinicalTrials_T029d_Search" : {
    "transaction" : "S01_ClinicalTrials_T029d_Search",
    "sampleCount" : 50,
    "errorCount" : 0,
    "errorPct" : 0.0,
    "meanResTime" : 56.03999999999998,
    "medianResTime" : 36.0,
    "minResTime" : 12.0,
    "maxResTime" : 819.0,
    "pct1ResTime" : 64.9,
    "pct2ResTime" : 152.19999999999933,
    "pct3ResTime" : 819.0,
    "throughput" : 0.1877983646518406,
    "receivedKBytesPerSec" : 1.408652792045237,
    "sentKBytesPerSec" : 0.38240075208550084
  },
  "S01_ClinicalTrials_T001g_Login_kmsi" : {
    "transaction" : "S01_ClinicalTrials_T001g_Login_kmsi",
    "sampleCount" : 58,
    "errorCount" : 0,
    "errorPct" : 0.0,
    "meanResTime" : 385.7241379310344,
    "medianResTime" : 338.0,
    "minResTime" : 172.0,
    "maxResTime" : 1454.0,
    "pct1ResTime" : 819.3,
    "pct2ResTime" : 1097.45,
    "pct3ResTime" : 1454.0,
    "throughput" : 0.4008763987476069,
    "receivedKBytesPerSec" : 15.605668945211256,
    "sentKBytesPerSec" : 1.3104889223336535
  },
  "S01_ClinicalTrials_T002g_ClinicalTrialAdvanceSearch_advanceSearch" : {
    "transaction" : "S01_ClinicalTrials_T002g_ClinicalTrialAdvanceSearch_advanceSearch",
    "sampleCount" : 100,
    "errorCount" : 100,
    "errorPct" : 100.0,
    "meanResTime" : 30958.080000000005,
    "medianResTime" : 30134.5,
    "minResTime" : 30048.0,
    "maxResTime" : 50040.0,
    "pct1ResTime" : 30437.3,
    "pct2ResTime" : 35091.399999999994,
    "pct3ResTime" : 50028.17999999999,
    "throughput" : 0.09064383408915183,
    "receivedKBytesPerSec" : 0.47737433592061046,
    "sentKBytesPerSec" : 0.22387433671374404
  },
  "S01_ClinicalTrials_T001d_Login_authorize_1" : {
    "transaction" : "S01_ClinicalTrials_T001d_Login_authorize_1",
    "sampleCount" : 58,
    "errorCount" : 0,
    "errorPct" : 0.0,
    "meanResTime" : 516.2586206896551,
    "medianResTime" : 436.5,
    "minResTime" : 207.0,
    "maxResTime" : 1411.0,
    "pct1ResTime" : 1077.6000000000001,
    "pct2ResTime" : 1358.95,
    "pct3ResTime" : 1411.0,
    "throughput" : 0.39723850747904227,
    "receivedKBytesPerSec" : 19.80108752602597,
    "sentKBytesPerSec" : 0.5659204033340639
  },
  "S01_ClinicalTrials_T003c_ClinicalTrial_Masters" : {
    "transaction" : "S01_ClinicalTrials_T003c_ClinicalTrial_Masters",
    "sampleCount" : 100,
    "errorCount" : 0,
    "errorPct" : 0.0,
    "meanResTime" : 205.75,
    "medianResTime" : 137.5,
    "minResTime" : 59.0,
    "maxResTime" : 1516.0,
    "pct1ResTime" : 333.9000000000001,
    "pct2ResTime" : 443.34999999999985,
    "pct3ResTime" : 1513.2299999999987,
    "throughput" : 0.09405258480016178,
    "receivedKBytesPerSec" : 4.553641311951262,
    "sentKBytesPerSec" : 0.1923393728808777
  },
  "S01_ClinicalTrials_T026a_Tasks_GetMasterData" : {
    "transaction" : "S01_ClinicalTrials_T026a_Tasks_GetMasterData",
    "sampleCount" : 50,
    "errorCount" : 0,
    "errorPct" : 0.0,
    "meanResTime" : 25.98,
    "medianResTime" : 21.0,
    "minResTime" : 16.0,
    "maxResTime" : 132.0,
    "pct1ResTime" : 45.49999999999998,
    "pct2ResTime" : 53.34999999999999,
    "pct3ResTime" : 132.0,
    "throughput" : 0.1882820766759929,
    "receivedKBytesPerSec" : 0.17610625722532466,
    "sentKBytesPerSec" : 0.38448891654020384
  },
  "S01_ClinicalTrials_T001i_Login_authorize_3-1" : {
    "transaction" : "S01_ClinicalTrials_T001i_Login_authorize_3-1",
    "sampleCount" : 50,
    "errorCount" : 0,
    "errorPct" : 0.0,
    "meanResTime" : 14.08,
    "medianResTime" : 13.0,
    "minResTime" : 11.0,
    "maxResTime" : 24.0,
    "pct1ResTime" : 16.9,
    "pct2ResTime" : 18.89999999999999,
    "pct3ResTime" : 24.0,
    "throughput" : 0.34787448688513184,
    "receivedKBytesPerSec" : 0.9342808021115983,
    "sentKBytesPerSec" : 0.1698605892993808
  },
  "S01_ClinicalTrials_T021z_Save_Association" : {
    "transaction" : "S01_ClinicalTrials_T021z_Save_Association",
    "sampleCount" : 52,
    "errorCount" : 8,
    "errorPct" : 15.384615,
    "meanResTime" : 52611.865384615376,
    "medianResTime" : 54283.0,
    "minResTime" : 25662.0,
    "maxResTime" : 60053.0,
    "pct1ResTime" : 60012.7,
    "pct2ResTime" : 60013.35,
    "pct3ResTime" : 60053.0,
    "throughput" : 0.05563877594692917,
    "receivedKBytesPerSec" : 0.26963197825272844,
    "sentKBytesPerSec" : 0.14371225825219344
  },
  "S01_ClinicalTrials_T038z_Publish" : {
    "transaction" : "S01_ClinicalTrials_T038z_Publish",
    "sampleCount" : 50,
    "errorCount" : 2,
    "errorPct" : 4.0,
    "meanResTime" : 50837.840000000004,
    "medianResTime" : 52118.5,
    "minResTime" : 33002.0,
    "maxResTime" : 60028.0,
    "pct1ResTime" : 58832.7,
    "pct2ResTime" : 59766.7,
    "pct3ResTime" : 60028.0,
    "throughput" : 0.15528384333723613,
    "receivedKBytesPerSec" : 0.5533624678174235,
    "sentKBytesPerSec" : 0.3777613106810439
  },
  "S01_ClinicalTrials_T001i_Login_authorize_3-0" : {
    "transaction" : "S01_ClinicalTrials_T001i_Login_authorize_3-0",
    "sampleCount" : 50,
    "errorCount" : 0,
    "errorPct" : 0.0,
    "meanResTime" : 406.09999999999997,
    "medianResTime" : 320.5,
    "minResTime" : 256.0,
    "maxResTime" : 1003.0,
    "pct1ResTime" : 807.6,
    "pct2ResTime" : 983.6999999999999,
    "pct3ResTime" : 1003.0,
    "throughput" : 0.34720775523242087,
    "receivedKBytesPerSec" : 2.4536602424551757,
    "sentKBytesPerSec" : 1.1733791148459092
  },
  "S01_ClinicalTrials_T002z_ClinicalTrialsTab" : {
    "transaction" : "S01_ClinicalTrials_T002z_ClinicalTrialsTab",
    "sampleCount" : 100,
    "errorCount" : 100,
    "errorPct" : 100.0,
    "meanResTime" : 31335.529999999995,
    "medianResTime" : 30441.5,
    "minResTime" : 30198.0,
    "maxResTime" : 50243.0,
    "pct1ResTime" : 31291.4,
    "pct2ResTime" : 35402.649999999994,
    "pct3ResTime" : 50235.979999999996,
    "throughput" : 0.09054018082684916,
    "receivedKBytesPerSec" : 2.5756974975033544,
    "sentKBytesPerSec" : 1.1568276463536753
  },
  "S01_ClinicalTrials_T027z_Click_Edit_Icon_of_AnyClinicalTrial" : {
    "transaction" : "S01_ClinicalTrials_T027z_Click_Edit_Icon_of_AnyClinicalTrial",
    "sampleCount" : 50,
    "errorCount" : 0,
    "errorPct" : 0.0,
    "meanResTime" : 29000.179999999993,
    "medianResTime" : 28958.5,
    "minResTime" : 20952.0,
    "maxResTime" : 36340.0,
    "pct1ResTime" : 34317.2,
    "pct2ResTime" : 35590.299999999996,
    "pct3ResTime" : 36340.0,
    "throughput" : 0.169849649090625,
    "receivedKBytesPerSec" : 10.476787471168022,
    "sentKBytesPerSec" : 1.403648115687993
  },
  "S01_ClinicalTrials_T002c_Search" : {
    "transaction" : "S01_ClinicalTrials_T002c_Search",
    "sampleCount" : 100,
    "errorCount" : 0,
    "errorPct" : 0.0,
    "meanResTime" : 31.420000000000012,
    "medianResTime" : 29.0,
    "minResTime" : 12.0,
    "maxResTime" : 79.0,
    "pct1ResTime" : 50.900000000000006,
    "pct2ResTime" : 55.94999999999999,
    "pct3ResTime" : 78.90999999999995,
    "throughput" : 0.0931741546076017,
    "receivedKBytesPerSec" : 0.6988889608076895,
    "sentKBytesPerSec" : 0.1897240525120218
  },
  "S01_ClinicalTrials_T015z_Save_TrialTiming" : {
    "transaction" : "S01_ClinicalTrials_T015z_Save_TrialTiming",
    "sampleCount" : 94,
    "errorCount" : 2,
    "errorPct" : 2.1276596,
    "meanResTime" : 45558.96808510639,
    "medianResTime" : 46003.0,
    "minResTime" : 27713.0,
    "maxResTime" : 60013.0,
    "pct1ResTime" : 54481.0,
    "pct2ResTime" : 56741.0,
    "pct3ResTime" : 60013.0,
    "throughput" : 0.08431536818009762,
    "receivedKBytesPerSec" : 0.3900671955363085,
    "sentKBytesPerSec" : 0.23261181933279632
  },
  "S01_ClinicalTrials_T036z_Save_Association" : {
    "transaction" : "S01_ClinicalTrials_T036z_Save_Association",
    "sampleCount" : 50,
    "errorCount" : 16,
    "errorPct" : 32.0,
    "meanResTime" : 53147.12000000001,
    "medianResTime" : 53907.0,
    "minResTime" : 35610.0,
    "maxResTime" : 60024.0,
    "pct1ResTime" : 60013.9,
    "pct2ResTime" : 60015.45,
    "pct3ResTime" : 60024.0,
    "throughput" : 0.15370143803065422,
    "receivedKBytesPerSec" : 0.39971980227847015,
    "sentKBytesPerSec" : 0.375712958529815
  },
  "S01_ClinicalTrials_T001a_Login_Landing" : {
    "transaction" : "S01_ClinicalTrials_T001a_Login_Landing",
    "sampleCount" : 58,
    "errorCount" : 0,
    "errorPct" : 0.0,
    "meanResTime" : 68.39655172413795,
    "medianResTime" : 67.0,
    "minResTime" : 12.0,
    "maxResTime" : 412.0,
    "pct1ResTime" : 82.9,
    "pct2ResTime" : 100.05,
    "pct3ResTime" : 412.0,
    "throughput" : 0.39519497421012106,
    "receivedKBytesPerSec" : 1.0613612060771447,
    "sentKBytesPerSec" : 0.17984458787296526
  },
  "S01_ClinicalTrials_T017z_designKeywords_keywordsearch" : {
    "transaction" : "S01_ClinicalTrials_T017z_designKeywords_keywordsearch",
    "sampleCount" : 63,
    "errorCount" : 0,
    "errorPct" : 0.0,
    "meanResTime" : 78.01587301587301,
    "medianResTime" : 27.0,
    "minResTime" : 8.0,
    "maxResTime" : 1007.0,
    "pct1ResTime" : 162.4,
    "pct2ResTime" : 383.59999999999945,
    "pct3ResTime" : 1007.0,
    "throughput" : 0.06398790933217953,
    "receivedKBytesPerSec" : 0.15102305113649636,
    "sentKBytesPerSec" : 0.13850954257785958
  },
  "S01_ClinicalTrials_T002f_Tasks_GetMasterData" : {
    "transaction" : "S01_ClinicalTrials_T002f_Tasks_GetMasterData",
    "sampleCount" : 100,
    "errorCount" : 0,
    "errorPct" : 0.0,
    "meanResTime" : 9.93,
    "medianResTime" : 8.5,
    "minResTime" : 5.0,
    "maxResTime" : 35.0,
    "pct1ResTime" : 14.900000000000006,
    "pct2ResTime" : 16.0,
    "pct3ResTime" : 34.91999999999996,
    "throughput" : 0.09319421301214881,
    "receivedKBytesPerSec" : 0.08718027395370857,
    "sentKBytesPerSec" : 0.19031095588838315
  },
  "S01_ClinicalTrials_T003b_authorization_user" : {
    "transaction" : "S01_ClinicalTrials_T003b_authorization_user",
    "sampleCount" : 100,
    "errorCount" : 0,
    "errorPct" : 0.0,
    "meanResTime" : 143.77000000000007,
    "medianResTime" : 145.5,
    "minResTime" : 40.0,
    "maxResTime" : 258.0,
    "pct1ResTime" : 199.00000000000006,
    "pct2ResTime" : 229.74999999999994,
    "pct3ResTime" : 257.9,
    "throughput" : 0.09406638641154609,
    "receivedKBytesPerSec" : 0.5864074644852358,
    "sentKBytesPerSec" : 0.19200015062380124
  },
  "S01_ClinicalTrials_T031z_diseaseType_keywordsearch" : {
    "transaction" : "S01_ClinicalTrials_T031z_diseaseType_keywordsearch",
    "sampleCount" : 50,
    "errorCount" : 0,
    "errorPct" : 0.0,
    "meanResTime" : 55.260000000000005,
    "medianResTime" : 21.0,
    "minResTime" : 9.0,
    "maxResTime" : 602.0,
    "pct1ResTime" : 150.2,
    "pct2ResTime" : 211.1499999999999,
    "pct3ResTime" : 602.0,
    "throughput" : 0.18792117834095665,
    "receivedKBytesPerSec" : 0.9862044713965173,
    "sentKBytesPerSec" : 0.41274758027992736
  },
  "S01_ClinicalTrials_T019z_organization_keywordsearch" : {
    "transaction" : "S01_ClinicalTrials_T019z_organization_keywordsearch",
    "sampleCount" : 55,
    "errorCount" : 0,
    "errorPct" : 0.0,
    "meanResTime" : 12285.363636363638,
    "medianResTime" : 12816.0,
    "minResTime" : 5917.0,
    "maxResTime" : 16435.0,
    "pct1ResTime" : 15267.6,
    "pct2ResTime" : 15663.799999999997,
    "pct3ResTime" : 16435.0,
    "throughput" : 0.05910006715916723,
    "receivedKBytesPerSec" : 1.0899418653458697,
    "sentKBytesPerSec" : 0.12909251175285427
  },
  "S01_ClinicalTrials_T024b_ClinicalTrial_AuditTrialHistory" : {
    "transaction" : "S01_ClinicalTrials_T024b_ClinicalTrial_AuditTrialHistory",
    "sampleCount" : 50,
    "errorCount" : 0,
    "errorPct" : 0.0,
    "meanResTime" : 1111.5600000000002,
    "medianResTime" : 1133.5,
    "minResTime" : 516.0,
    "maxResTime" : 2030.0,
    "pct1ResTime" : 1515.3,
    "pct2ResTime" : 1813.5999999999992,
    "pct3ResTime" : 2030.0,
    "throughput" : 0.1872056191638648,
    "receivedKBytesPerSec" : 0.05264426767033839,
    "sentKBytesPerSec" : 0.38594705333675294
  },
  "S01_ClinicalTrials_T029c_Tasks_GetMasterData" : {
    "transaction" : "S01_ClinicalTrials_T029c_Tasks_GetMasterData",
    "sampleCount" : 50,
    "errorCount" : 0,
    "errorPct" : 0.0,
    "meanResTime" : 11.32,
    "medianResTime" : 9.0,
    "minResTime" : 5.0,
    "maxResTime" : 34.0,
    "pct1ResTime" : 19.9,
    "pct2ResTime" : 28.699999999999974,
    "pct3ResTime" : 34.0,
    "throughput" : 0.18779342723004694,
    "receivedKBytesPerSec" : 0.17568221830985917,
    "sentKBytesPerSec" : 0.38349105046948356
  },
  "S01_ClinicalTrials_T002b_authorization_user" : {
    "transaction" : "S01_ClinicalTrials_T002b_authorization_user",
    "sampleCount" : 100,
    "errorCount" : 0,
    "errorPct" : 0.0,
    "meanResTime" : 169.27999999999994,
    "medianResTime" : 152.5,
    "minResTime" : 59.0,
    "maxResTime" : 1127.0,
    "pct1ResTime" : 257.00000000000006,
    "pct2ResTime" : 319.4999999999999,
    "pct3ResTime" : 1120.5799999999967,
    "throughput" : 0.09309435392052907,
    "receivedKBytesPerSec" : 0.5803332926239481,
    "sentKBytesPerSec" : 0.19001612219657987
  },
  "S01_ClinicalTrials_T026f_ClinicalTrialAdvanceSearch_advanceSearch" : {
    "transaction" : "S01_ClinicalTrials_T026f_ClinicalTrialAdvanceSearch_advanceSearch",
    "sampleCount" : 50,
    "errorCount" : 50,
    "errorPct" : 100.0,
    "meanResTime" : 30134.879999999997,
    "medianResTime" : 30123.0,
    "minResTime" : 30030.0,
    "maxResTime" : 30669.0,
    "pct1ResTime" : 30188.9,
    "pct2ResTime" : 30283.7,
    "pct3ResTime" : 30669.0,
    "throughput" : 0.16910802282281875,
    "receivedKBytesPerSec" : 0.8880681395411761,
    "sentKBytesPerSec" : 0.41766709035272553
  },
  "S01_ClinicalTrials_T029e_ClinicalTrial_unlockdata" : {
    "transaction" : "S01_ClinicalTrials_T029e_ClinicalTrial_unlockdata",
    "sampleCount" : 50,
    "errorCount" : 0,
    "errorPct" : 0.0,
    "meanResTime" : 2851.939999999999,
    "medianResTime" : 996.5,
    "minResTime" : 44.0,
    "maxResTime" : 16160.0,
    "pct1ResTime" : 8197.099999999999,
    "pct2ResTime" : 9728.199999999992,
    "pct3ResTime" : 16160.0,
    "throughput" : 0.18777791130873694,
    "receivedKBytesPerSec" : 0.06267821297395144,
    "sentKBytesPerSec" : 0.4012469216158665
  },
  "S01_ClinicalTrials_T029a_ClinicalTrialAdvanceSearch_advancedsearchcategory" : {
    "transaction" : "S01_ClinicalTrials_T029a_ClinicalTrialAdvanceSearch_advancedsearchcategory",
    "sampleCount" : 50,
    "errorCount" : 0,
    "errorPct" : 0.0,
    "meanResTime" : 64.08,
    "medianResTime" : 23.0,
    "minResTime" : 5.0,
    "maxResTime" : 1168.0,
    "pct1ResTime" : 142.8,
    "pct2ResTime" : 171.89999999999998,
    "pct3ResTime" : 1168.0,
    "throughput" : 0.18776521837094895,
    "receivedKBytesPerSec" : 1.4553381358199706,
    "sentKBytesPerSec" : 0.38911774404784255
  },
  "S01_ClinicalTrials_T005z_patientSegment_keywordsearch" : {
    "transaction" : "S01_ClinicalTrials_T005z_patientSegment_keywordsearch",
    "sampleCount" : 100,
    "errorCount" : 0,
    "errorPct" : 0.0,
    "meanResTime" : 76.93000000000004,
    "medianResTime" : 36.5,
    "minResTime" : 11.0,
    "maxResTime" : 1364.0,
    "pct1ResTime" : 161.70000000000002,
    "pct2ResTime" : 245.0499999999991,
    "pct3ResTime" : 1358.109999999997,
    "throughput" : 0.09414484938236271,
    "receivedKBytesPerSec" : 0.2687210269226026,
    "sentKBytesPerSec" : 0.20714625014004046
  },
  "S01_ClinicalTrials_T024z_AuditTrial" : {
    "transaction" : "S01_ClinicalTrials_T024z_AuditTrial",
    "sampleCount" : 50,
    "errorCount" : 0,
    "errorPct" : 0.0,
    "meanResTime" : 1643.84,
    "medianResTime" : 1592.5,
    "minResTime" : 920.0,
    "maxResTime" : 2626.0,
    "pct1ResTime" : 2289.7999999999997,
    "pct2ResTime" : 2378.7999999999997,
    "pct3ResTime" : 2626.0,
    "throughput" : 0.18666537245341766,
    "receivedKBytesPerSec" : 4.895747826981733,
    "sentKBytesPerSec" : 0.8188849473976981
  },
  "S01_ClinicalTrials_T001i_Login_authorize_3" : {
    "transaction" : "S01_ClinicalTrials_T001i_Login_authorize_3",
    "sampleCount" : 58,
    "errorCount" : 8,
    "errorPct" : 13.793103,
    "meanResTime" : 464.96551724137913,
    "medianResTime" : 348.0,
    "minResTime" : 268.0,
    "maxResTime" : 1115.0,
    "pct1ResTime" : 933.1000000000001,
    "pct2ResTime" : 1003.6999999999999,
    "pct3ResTime" : 1115.0,
    "throughput" : 0.40272464049882306,
    "receivedKBytesPerSec" : 6.165561542661037,
    "sentKBytesPerSec" : 1.4377239830334885
  },
  "S01_ClinicalTrials_T002d_ClinicalTrialAdvanceSearch_advancedsearchcategory" : {
    "transaction" : "S01_ClinicalTrials_T002d_ClinicalTrialAdvanceSearch_advancedsearchcategory",
    "sampleCount" : 100,
    "errorCount" : 0,
    "errorPct" : 0.0,
    "meanResTime" : 137.76999999999992,
    "medianResTime" : 27.0,
    "minResTime" : 5.0,
    "maxResTime" : 1226.0,
    "pct1ResTime" : 558.1000000000006,
    "pct2ResTime" : 963.6499999999999,
    "pct3ResTime" : 1225.6999999999998,
    "throughput" : 0.09317441505102231,
    "receivedKBytesPerSec" : 0.7221781487827694,
    "sentKBytesPerSec" : 0.19309123650368595
  },
  "S01_ClinicalTrials_T012z_Save_TrialSummary" : {
    "transaction" : "S01_ClinicalTrials_T012z_Save_TrialSummary",
    "sampleCount" : 100,
    "errorCount" : 0,
    "errorPct" : 0.0,
    "meanResTime" : 3865.1199999999985,
    "medianResTime" : 3283.0,
    "minResTime" : 878.0,
    "maxResTime" : 30111.0,
    "pct1ResTime" : 4275.2,
    "pct2ResTime" : 5863.6999999999925,
    "pct3ResTime" : 30067.28999999998,
    "throughput" : 0.09351623862725643,
    "receivedKBytesPerSec" : 0.3484384000937968,
    "sentKBytesPerSec" : 0.3836631543915693
  },
  "S01_ClinicalTrials_T032z_DrugPrimaryName" : {
    "transaction" : "S01_ClinicalTrials_T032z_DrugPrimaryName",
    "sampleCount" : 50,
    "errorCount" : 0,
    "errorPct" : 0.0,
    "meanResTime" : 4332.879999999999,
    "medianResTime" : 4600.0,
    "minResTime" : 1316.0,
    "maxResTime" : 6954.0,
    "pct1ResTime" : 6234.0,
    "pct2ResTime" : 6629.949999999998,
    "pct3ResTime" : 6954.0,
    "throughput" : 0.18521331016932202,
    "receivedKBytesPerSec" : 5.484386778408943,
    "sentKBytesPerSec" : 0.4017356281416808
  },
  "S01_ClinicalTrials_T001f_Login_login" : {
    "transaction" : "S01_ClinicalTrials_T001f_Login_login",
    "sampleCount" : 58,
    "errorCount" : 0,
    "errorPct" : 0.0,
    "meanResTime" : 559.7413793103448,
    "medianResTime" : 481.0,
    "minResTime" : 274.0,
    "maxResTime" : 1377.0,
    "pct1ResTime" : 1058.0,
    "pct2ResTime" : 1228.7,
    "pct3ResTime" : 1377.0,
    "throughput" : 0.400187674219634,
    "receivedKBytesPerSec" : 16.427935816451853,
    "sentKBytesPerSec" : 1.4301628845769052
  },
  "S01_ClinicalTrials_T037b_ClinicalTrialAuditEntry_search" : {
    "transaction" : "S01_ClinicalTrials_T037b_ClinicalTrialAuditEntry_search",
    "sampleCount" : 50,
    "errorCount" : 0,
    "errorPct" : 0.0,
    "meanResTime" : 522.06,
    "medianResTime" : 488.5,
    "minResTime" : 55.0,
    "maxResTime" : 1226.0,
    "pct1ResTime" : 913.5999999999999,
    "pct2ResTime" : 1040.5499999999993,
    "pct3ResTime" : 1226.0,
    "throughput" : 0.18811702383818926,
    "receivedKBytesPerSec" : 2.9040822746263997,
    "sentKBytesPerSec" : 0.43742719283311765
  },
  "S01_ClinicalTrials_T001c_Login_openid_configuration" : {
    "transaction" : "S01_ClinicalTrials_T001c_Login_openid_configuration",
    "sampleCount" : 58,
    "errorCount" : 0,
    "errorPct" : 0.0,
    "meanResTime" : 302.4137931034483,
    "medianResTime" : 220.0,
    "minResTime" : 163.0,
    "maxResTime" : 890.0,
    "pct1ResTime" : 869.4,
    "pct2ResTime" : 873.4499999999999,
    "pct3ResTime" : 890.0,
    "throughput" : 0.3962046328617588,
    "receivedKBytesPerSec" : 0.9968356997451994,
    "sentKBytesPerSec" : 0.3241710656196845
  },
  "S01_ClinicalTrials_T016z_Save_PatientPopulation" : {
    "transaction" : "S01_ClinicalTrials_T016z_Save_PatientPopulation",
    "sampleCount" : 74,
    "errorCount" : 66,
    "errorPct" : 89.189186,
    "meanResTime" : 54403.97297297297,
    "medianResTime" : 55074.5,
    "minResTime" : 28697.0,
    "maxResTime" : 60018.0,
    "pct1ResTime" : 60013.0,
    "pct2ResTime" : 60014.0,
    "pct3ResTime" : 60018.0,
    "throughput" : 0.06875815341616523,
    "receivedKBytesPerSec" : 0.20166493454967124,
    "sentKBytesPerSec" : 0.18813035082454033
  },
  "S01_ClinicalTrials_T001h_Login_authorize_2" : {
    "transaction" : "S01_ClinicalTrials_T001h_Login_authorize_2",
    "sampleCount" : 58,
    "errorCount" : 0,
    "errorPct" : 0.0,
    "meanResTime" : 424.0172413793104,
    "medianResTime" : 347.0,
    "minResTime" : 261.0,
    "maxResTime" : 1020.0,
    "pct1ResTime" : 852.9000000000001,
    "pct2ResTime" : 992.1,
    "pct3ResTime" : 1020.0,
    "throughput" : 0.4010233008366176,
    "receivedKBytesPerSec" : 3.0053992839486967,
    "sentKBytesPerSec" : 1.3125896684643574
  },
  "S01_ClinicalTrials_T030z_NewClinicalTrial" : {
    "transaction" : "S01_ClinicalTrials_T030z_NewClinicalTrial",
    "sampleCount" : 50,
    "errorCount" : 0,
    "errorPct" : 0.0,
    "meanResTime" : 369.46000000000004,
    "medianResTime" : 339.0,
    "minResTime" : 208.0,
    "maxResTime" : 1107.0,
    "pct1ResTime" : 488.4,
    "pct2ResTime" : 587.1499999999997,
    "pct3ResTime" : 1107.0,
    "throughput" : 0.18821545399449657,
    "receivedKBytesPerSec" : 10.285934123885292,
    "sentKBytesPerSec" : 0.7690733423864966
  },
  "S01_ClinicalTrials_T013z_Save_TrialObjective" : {
    "transaction" : "S01_ClinicalTrials_T013z_Save_TrialObjective",
    "sampleCount" : 100,
    "errorCount" : 2,
    "errorPct" : 2.0,
    "meanResTime" : 43678.29999999999,
    "medianResTime" : 47101.5,
    "minResTime" : 10124.0,
    "maxResTime" : 60002.0,
    "pct1ResTime" : 56303.1,
    "pct2ResTime" : 57431.649999999994,
    "pct3ResTime" : 60001.99,
    "throughput" : 0.08947136737301328,
    "receivedKBytesPerSec" : 0.39691997473999624,
    "sentKBytesPerSec" : 0.23434683049917868
  },
  "S01_ClinicalTrials_T003z_NewClinicalTrial" : {
    "transaction" : "S01_ClinicalTrials_T003z_NewClinicalTrial",
    "sampleCount" : 100,
    "errorCount" : 0,
    "errorPct" : 0.0,
    "meanResTime" : 349.52,
    "medianResTime" : 293.5,
    "minResTime" : 118.0,
    "maxResTime" : 1695.0,
    "pct1ResTime" : 507.6,
    "pct2ResTime" : 615.7499999999995,
    "pct3ResTime" : 1691.8899999999985,
    "throughput" : 0.09404763136338029,
    "receivedKBytesPerSec" : 5.139692032801933,
    "sentKBytesPerSec" : 0.38429111245181236
  },
  "S01_ClinicalTrials_T030b_authorization_user" : {
    "transaction" : "S01_ClinicalTrials_T030b_authorization_user",
    "sampleCount" : 50,
    "errorCount" : 0,
    "errorPct" : 0.0,
    "meanResTime" : 178.88000000000002,
    "medianResTime" : 171.5,
    "minResTime" : 80.0,
    "maxResTime" : 282.0,
    "pct1ResTime" : 242.29999999999998,
    "pct2ResTime" : 256.7,
    "pct3ResTime" : 282.0,
    "throughput" : 0.18832888249407706,
    "receivedKBytesPerSec" : 1.174031954232315,
    "sentKBytesPerSec" : 0.3844005833016313
  },
  "S01_ClinicalTrials_T027d_ClinicalTrial_Masters" : {
    "transaction" : "S01_ClinicalTrials_T027d_ClinicalTrial_Masters",
    "sampleCount" : 50,
    "errorCount" : 0,
    "errorPct" : 0.0,
    "meanResTime" : 187.35999999999999,
    "medianResTime" : 147.0,
    "minResTime" : 77.0,
    "maxResTime" : 633.0,
    "pct1ResTime" : 340.0,
    "pct2ResTime" : 452.94999999999914,
    "pct3ResTime" : 633.0,
    "throughput" : 0.18800102272556363,
    "receivedKBytesPerSec" : 9.102242094321992,
    "sentKBytesPerSec" : 0.3844657633687527
  },
  "S01_ClinicalTrials_T029f_ClinicalTrialAdvanceSearch_advanceSearch" : {
    "transaction" : "S01_ClinicalTrials_T029f_ClinicalTrialAdvanceSearch_advanceSearch",
    "sampleCount" : 50,
    "errorCount" : 50,
    "errorPct" : 100.0,
    "meanResTime" : 30140.959999999995,
    "medianResTime" : 30136.5,
    "minResTime" : 30042.0,
    "maxResTime" : 30315.0,
    "pct1ResTime" : 30227.2,
    "pct2ResTime" : 30254.6,
    "pct3ResTime" : 30315.0,
    "throughput" : 0.1691532189857573,
    "receivedKBytesPerSec" : 0.8847308032240604,
    "sentKBytesPerSec" : 0.41777871693054575
  },
  "S01_ClinicalTrials_T035z_organization_keywordsearch" : {
    "transaction" : "S01_ClinicalTrials_T035z_organization_keywordsearch",
    "sampleCount" : 50,
    "errorCount" : 0,
    "errorPct" : 0.0,
    "meanResTime" : 13033.840000000002,
    "medianResTime" : 12751.5,
    "minResTime" : 8103.0,
    "maxResTime" : 19542.0,
    "pct1ResTime" : 15544.5,
    "pct2ResTime" : 17810.85,
    "pct3ResTime" : 19542.0,
    "throughput" : 0.17646456767945565,
    "receivedKBytesPerSec" : 3.2543995373981356,
    "sentKBytesPerSec" : 0.38551648862862326
  },
  "S01_ClinicalTrials_T026d_ClinicalTrialAdvanceSearch_advancedsearchcategory" : {
    "transaction" : "S01_ClinicalTrials_T026d_ClinicalTrialAdvanceSearch_advancedsearchcategory",
    "sampleCount" : 50,
    "errorCount" : 0,
    "errorPct" : 0.0,
    "meanResTime" : 41.179999999999986,
    "medianResTime" : 20.5,
    "minResTime" : 6.0,
    "maxResTime" : 480.0,
    "pct1ResTime" : 120.79999999999997,
    "pct2ResTime" : 172.99999999999983,
    "pct3ResTime" : 480.0,
    "throughput" : 0.1882863307889574,
    "receivedKBytesPerSec" : 1.459388227114738,
    "sentKBytesPerSec" : 0.39019767828832663
  },
  "S01_ClinicalTrials_T033z_sponsor_keywordsearch" : {
    "transaction" : "S01_ClinicalTrials_T033z_sponsor_keywordsearch",
    "sampleCount" : 50,
    "errorCount" : 0,
    "errorPct" : 0.0,
    "meanResTime" : 1583.0599999999997,
    "medianResTime" : 1606.0,
    "minResTime" : 597.0,
    "maxResTime" : 2397.0,
    "pct1ResTime" : 2043.1,
    "pct2ResTime" : 2362.45,
    "pct3ResTime" : 2397.0,
    "throughput" : 0.18890022290226305,
    "receivedKBytesPerSec" : 2.974060605094639,
    "sentKBytesPerSec" : 0.41305321201216516
  },
  "S01_ClinicalTrials_T029z_ClinicalTrials_LandingPage" : {
    "transaction" : "S01_ClinicalTrials_T029z_ClinicalTrials_LandingPage",
    "sampleCount" : 50,
    "errorCount" : 50,
    "errorPct" : 100.0,
    "meanResTime" : 33172.50000000001,
    "medianResTime" : 31429.5,
    "minResTime" : 30221.0,
    "maxResTime" : 46499.0,
    "pct1ResTime" : 38476.1,
    "pct2ResTime" : 40104.399999999994,
    "pct3ResTime" : 46499.0,
    "throughput" : 0.1685067604912309,
    "receivedKBytesPerSec" : 3.7934294580148555,
    "sentKBytesPerSec" : 2.1691296036046968
  },
  "S01_ClinicalTrials_T001b_Login_discovery_instance" : {
    "transaction" : "S01_ClinicalTrials_T001b_Login_discovery_instance",
    "sampleCount" : 58,
    "errorCount" : 0,
    "errorPct" : 0.0,
    "meanResTime" : 60.48275862068964,
    "medianResTime" : 43.5,
    "minResTime" : 20.0,
    "maxResTime" : 223.0,
    "pct1ResTime" : 164.0,
    "pct2ResTime" : 219.0,
    "pct3ResTime" : 223.0,
    "throughput" : 0.396358964546374,
    "receivedKBytesPerSec" : 0.7982370034408058,
    "sentKBytesPerSec" : 0.2607378896960337
  },
  "S01_ClinicalTrials_T001h_Login_authorize_2-0" : {
    "transaction" : "S01_ClinicalTrials_T001h_Login_authorize_2-0",
    "sampleCount" : 58,
    "errorCount" : 0,
    "errorPct" : 0.0,
    "meanResTime" : 409.29310344827593,
    "medianResTime" : 331.5,
    "minResTime" : 248.0,
    "maxResTime" : 1007.0,
    "pct1ResTime" : 836.3000000000001,
    "pct2ResTime" : 979.0,
    "pct3ResTime" : 1007.0,
    "throughput" : 0.4010732166071972,
    "receivedKBytesPerSec" : 2.5929499604977457,
    "sentKBytesPerSec" : 1.1141748048225597
  },
  "S01_ClinicalTrials_T026c_UserGroup_GetUsersAndUserGroupByQueueId" : {
    "transaction" : "S01_ClinicalTrials_T026c_UserGroup_GetUsersAndUserGroupByQueueId",
    "sampleCount" : 50,
    "errorCount" : 0,
    "errorPct" : 0.0,
    "meanResTime" : 50.84,
    "medianResTime" : 40.0,
    "minResTime" : 19.0,
    "maxResTime" : 460.0,
    "pct1ResTime" : 71.5,
    "pct2ResTime" : 94.7999999999999,
    "pct3ResTime" : 460.0,
    "throughput" : 0.18828562175678015,
    "receivedKBytesPerSec" : 0.14322946086295069,
    "sentKBytesPerSec" : 0.398286606725939
  },
  "Total" : {
    "transaction" : "Total",
    "sampleCount" : 4744,
    "errorCount" : 450,
    "errorPct" : 9.485666,
    "meanResTime" : 11044.256956155166,
    "medianResTime" : 320.0,
    "minResTime" : 5.0,
    "maxResTime" : 60053.0,
    "pct1ResTime" : 49872.0,
    "pct2ResTime" : 56830.0,
    "pct3ResTime" : 60014.0,
    "throughput" : 3.8612175532382462,
    "receivedKBytesPerSec" : 37.16450906646479,
    "sentKBytesPerSec" : 8.75738972150236
  },
  "S01_ClinicalTrials_T001h_Login_authorize_2-1" : {
    "transaction" : "S01_ClinicalTrials_T001h_Login_authorize_2-1",
    "sampleCount" : 58,
    "errorCount" : 0,
    "errorPct" : 0.0,
    "meanResTime" : 13.948275862068966,
    "medianResTime" : 13.0,
    "minResTime" : 11.0,
    "maxResTime" : 20.0,
    "pct1ResTime" : 17.1,
    "pct2ResTime" : 20.0,
    "pct3ResTime" : 20.0,
    "throughput" : 0.4034249386168089,
    "receivedKBytesPerSec" : 0.4152440286153482,
    "sentKBytesPerSec" : 0.19974262097531456
  },
  "S01_ClinicalTrials_T026z_ClinicalTrials_LandingPage" : {
    "transaction" : "S01_ClinicalTrials_T026z_ClinicalTrials_LandingPage",
    "sampleCount" : 50,
    "errorCount" : 50,
    "errorPct" : 100.0,
    "meanResTime" : 31642.339999999993,
    "medianResTime" : 30409.0,
    "minResTime" : 30186.0,
    "maxResTime" : 42801.0,
    "pct1ResTime" : 35999.6,
    "pct2ResTime" : 39048.19999999998,
    "pct3ResTime" : 42801.0,
    "throughput" : 0.16898114508383155,
    "receivedKBytesPerSec" : 3.8076864664690713,
    "sentKBytesPerSec" : 2.175236193395541
  }
}